epoch,lr,step,train_loss,train_energy_mae,train_energy_mse,train_energy_per_atom_mae,train_energy_per_atom_mse,train_gradient_force_mae,train_gradient_force_mse,val_loss,val_energy_mae,val_energy_mse,val_energy_per_atom_mae,val_energy_per_atom_mse,val_gradient_force_mae,val_gradient_force_mse,test_loss,test_energy_mae,test_energy_mse,test_energy_per_atom_mae,test_energy_per_atom_mse,test_gradient_force_mae,test_gradient_force_mse,save_model
0,0.0001,9645.0,27.140528686465597,0.43931546668793825,0.36296794438663466,0.03274543335717369,0.0021433708950529262,0.11683932317559338,0.5355512148415746,2.133363638304695,0.2911103244306627,0.15409189943950338,0.022200206788434616,0.0009176246202916932,0.10771408267177338,0.03958543477730383,1.872420526343723,0.2856081827862263,0.14714142532754884,0.022403135669966833,0.0009103886610573566,0.10121493355354208,0.034505582020323486,True
1,0.0001,19290.0,1.1527703591494172,0.18885798580500707,0.07299599671652798,0.014147239696006265,0.0004518207297450013,0.08146294478184289,0.02159548724865772,1.2509496864123402,0.1660764416420454,0.061364018790629485,0.012685815580672558,0.0003622424147132304,0.08525816372691158,0.023791713352434216,,,,,,,,
2,0.0001,28935.0,0.7029731212456022,0.13101665745781396,0.03586671830531941,0.00976639489376127,0.0002152207124983795,0.06701826582746166,0.013342128058805624,1.0437750683597462,0.1590760878332194,0.04619244481656754,0.011998288989868069,0.0002649249091748607,0.07944331778409038,0.019951652470863578,,,,,,,,
3,0.0001,38580.0,0.5517792784075966,0.11115230193509078,0.025757354013459282,0.008263065042768445,0.000152008567935009,0.060491111288913164,0.010520438487882772,0.926458000047529,0.12057124495210012,0.03326405355088019,0.009257424079191287,0.0001984422420372152,0.07414578662072865,0.01786387892993297,,,,,,,,
4,0.0001,48225.0,0.4792172873155833,0.10102700950271264,0.021273223800105923,0.007499405174617013,0.00012459912015071412,0.0570169542608478,0.00915888127030952,0.888563942122351,0.10941002332759417,0.031751483952698646,0.008349332296399064,0.00018651118841857007,0.07171864274521733,0.01713624916339305,,,,,,,,
5,0.0001,57870.0,0.43382920126560975,0.09422590309600797,0.018504460212817455,0.006987338598676653,0.00010769059521260417,0.05466547058859269,0.008306494821055882,0.9493197931635109,0.12412935311025212,0.03459107903680738,0.009604758761824053,0.00021086905725559174,0.07596504228655336,0.01829457428253407,,,,,,,,
6,0.0001,67515.0,0.4024529907658226,0.08921419245103138,0.016637213096846855,0.006613781794605439,9.655185346068788e-05,0.05292547524371926,0.007716315553379464,0.8079229693485844,0.10185317424323856,0.025060932276170754,0.007765080646025558,0.00014725585567454833,0.06869748738307709,0.015657240741448274,,,,,,,,
7,0.0001,77160.0,0.38007878222755404,0.08607508661184712,0.01545072185370264,0.00637643749539145,8.924007644130342e-05,0.05165886549947168,0.007292561207477035,0.8608932668026036,0.1063350930924147,0.025951434640117253,0.008189308172563244,0.0001574728046143102,0.0712932470351231,0.016698836643249726,,,,,,,,
8,0.0001,86805.0,0.35913048583028745,0.0826854620556536,0.014257926959917809,0.006123574020784256,8.224849885112771e-05,0.05044205961472609,0.006897451177407386,0.8019326980113937,0.0942813691333853,0.022544977893539035,0.007203806740519463,0.00013325805559975882,0.06733719376354766,0.015587754402357091,,,,,,,,
9,0.0001,96450.0,0.34306332482290813,0.07962714382013975,0.013255397101401372,0.0058980122636661594,7.644098972918989e-05,0.04948784251129461,0.0065961585544301515,0.7678378559327033,0.08969295617913613,0.020862230426071045,0.006883373329154436,0.00012482185720296869,0.06727000590142058,0.014939512510132646,,,,,,,,
10,0.0001,106095.0,0.33057741698477006,0.07804847698937062,0.012704925769670075,0.005774626275794712,7.285799540743634e-05,0.048684518810029144,0.006357449824302027,0.7822519140387292,0.11350374039040254,0.023313153900506922,0.008586667112560259,0.0001361916045297107,0.06671989002999724,0.01517877520276445,0.6771912880637758,0.11220197600230315,0.022739188874319437,0.00862801944733485,0.00013187579966149552,0.06353955733086203,0.013089041983789133,True
11,0.0001,115740.0,0.31948355319247307,0.07608947069940028,0.01208896537163434,0.005632093674368831,6.956514086419329e-05,0.04799433464468019,0.006147891756416767,0.7400730807079284,0.09212410404060684,0.020037637986809884,0.0070251896361116,0.0001190054161122733,0.06542135806860946,0.014400708854422373,,,,,,,,
12,0.0001,125385.0,0.3118863635535737,0.07456575460262196,0.01164162314935828,0.005515389457876433,6.670339319649952e-05,0.04743643510622811,0.006004894808084348,0.7229917651524218,0.08945816787454333,0.019434373395924402,0.006862384073961484,0.000116628028820286,0.06466058234146407,0.014071147835129947,,,,,,,,
13,0.0001,135030.0,0.3002540520720248,0.07313571041027574,0.011139041159107025,0.005412601665432746,6.403672208556327e-05,0.04667923714064207,0.005782300218258339,0.8204237345346821,0.11046171483891902,0.025581069293356917,0.008563047238980404,0.0001586358118464113,0.07042913003775017,0.015896853304826503,,,,,,,,
14,0.0001,144675.0,0.29225249835770395,0.07198532975555581,0.01076256314726104,0.0053230696748794186,6.158370998947472e-05,0.046178043452887056,0.005629798704208886,0.7038132093145284,0.10132806095705618,0.020497132741163496,0.007700041968743336,0.00012010214294310094,0.0636478293443449,0.0136663215314673,,,,,,,,
15,0.0001,154320.0,0.2854967424757419,0.07094263839138236,0.010432554739883072,0.005246630732107415,5.9763313451277646e-05,0.04570036546108862,0.005501283754717202,0.6997468160660169,0.09716746641370574,0.019243894886916354,0.007372865010230077,0.00011339409261801529,0.06413429020045046,0.013610058423582011,,,,,,,,
16,0.0001,163965.0,0.2805802796430427,0.0696709532116933,0.01010771903724487,0.005153153692415248,5.7926558998731114e-05,0.04532241989707348,0.005409451212115916,0.6968161032131257,0.09434992613101786,0.019295256346311324,0.007171803487502723,0.00011431805539613774,0.06376538449640293,0.013550416937336288,,,,,,,,
17,0.0001,173610.0,0.2728410777711932,0.06867529234797298,0.009785665676336848,0.005078916110725879,5.605986331221689e-05,0.04484852966213331,0.005261108241897141,0.7548804003140137,0.11432881761158316,0.023500387516175066,0.008707962718301087,0.00013938685974057652,0.06461220279451378,0.01462760025595677,,,,,,,,
18,0.0001,183255.0,0.26927143665684894,0.06781759125520942,0.009589675683707827,0.005016043524924223,5.486801796861877e-05,0.044524856669604755,0.005193635219462843,0.709462708852695,0.1159517481129764,0.02250241977515534,0.00879930652383083,0.00013226653814177967,0.06410112504403191,0.013739205781550795,,,,,,,,
19,0.0001,192900.0,0.2664407429899255,0.06755731259220614,0.009526300851703437,0.004995081716682686,5.4440317157967e-05,0.04428775979000655,0.005138288842764417,0.717439194589978,0.0829101341067888,0.018126695919707867,0.006389475559772653,0.00011090199716083603,0.06409458970748416,0.013986249973405404,,,,,,,,
20,0.0001,202545.0,0.2593936315120972,0.06601675185283569,0.009068141848124772,0.004881040571025158,5.181708733878607e-05,0.04376198223988566,0.005006509793279472,0.679518421734336,0.08104554562541544,0.01681774552929352,0.0062350474378518135,0.0001015984867965334,0.06389822681526827,0.01325401352410085,0.6523870082159597,0.08102225327823345,0.0163175610288164,0.0062715187282900734,9.654820208758393e-05,0.06212903846339633,0.012721388943742867,True
21,0.0001,212190.0,0.25446921579471493,0.06529717172287962,0.008874567781644211,0.0048258982081961395,5.064574299644113e-05,0.04344573280356253,0.004911892960261434,0.6947546202234157,0.08508542664677789,0.017824411923780183,0.0065694177176371105,0.00010862351791346985,0.06338133196066315,0.01353860416599271,,,,,,,,
22,0.0001,221835.0,0.25019425453675537,0.06467530665843581,0.008732237750385861,0.004781142381811702,4.988188645421757e-05,0.04316463275151762,0.004829240335727388,0.6906905334574416,0.08049163701735926,0.01698809442057973,0.006187717561147622,0.00010249718759849217,0.06286114191876747,0.013474048780737238,,,,,,,,
23,0.0001,231480.0,0.24678319499508547,0.06405462256861848,0.00850474712788507,0.004734493139853144,4.861112146568441e-05,0.042898056210159796,0.004765568957343992,0.7374926223979064,0.07923118399715931,0.01592398557515477,0.006086330298290375,9.558096465553849e-05,0.06570818712705392,0.01443137273645503,,,,,,,,
24,0.0001,241125.0,0.2459293614325301,0.06366992395999685,0.008466586240854366,0.00470832640241934,4.8480060023978135e-05,0.042730246800081174,0.004749255503833508,0.6868722343716298,0.08133691207354987,0.015867891169512212,0.006241734929555435,9.59854043503714e-05,0.062188283272234204,0.013420086864042346,,,,,,,,
25,0.0001,250770.0,0.2416760120848487,0.06324186017533394,0.008284143935219927,0.0046748917062269125,4.73319231641658e-05,0.04245053817293357,0.004667837362992588,0.7189426625570318,0.09596593428846192,0.020472437803406098,0.007363957897394356,0.00012411836035698795,0.06389993129493808,0.01396940449507251,,,,,,,,
26,0.0001,260415.0,0.23836282823669844,0.06215155500167002,0.0080431668480508,0.0045953841449961055,4.5981077831992715e-05,0.042207894246321716,0.004606393227772955,0.7018354264627691,0.0769044400926421,0.014706162334351808,0.005921578578994559,8.936814169169122e-05,0.06383155174148611,0.013742585282568349,,,,,,,,
27,0.0001,270060.0,0.23499194008098553,0.06209452763563843,0.007980558130552285,0.004590648800103655,4.564347934654241e-05,0.0419590521804403,0.0045402276390086455,0.6729774471959041,0.07836297736876077,0.015177791917592864,0.006036531387275034,9.310981682749572e-05,0.06114955861329293,0.013155993105566227,,,,,,,,
28,0.0001,279705.0,0.2334033072855925,0.061580957724062226,0.007913878840980946,0.0045497655980046665,4.5140893590914315e-05,0.041757352773737245,0.004509788568892245,0.6689445227901756,0.07155412006573497,0.014435607587668996,0.005538684517380705,8.865194771850662e-05,0.06122391653926425,0.013090178304050131,,,,,,,,
29,0.0001,289350.0,0.22770799986981644,0.06064398699766842,0.007638144993647128,0.00448311109628945,4.359961109303956e-05,0.04143066442468807,0.004401397097523381,0.67632575738859,0.07855080816960906,0.016037696373491,0.006081883281390423,9.946789977082213e-05,0.06229610351436016,0.013205761220301981,,,,,,,,
30,0.0001,298995.0,0.22589198457765294,0.06010512486016577,0.007473884071932064,0.004444147720330337,4.2735634483497585e-05,0.0412867792323447,0.004368362010114377,0.710286380095861,0.07549387057232289,0.014362144331311744,0.005818174772600741,8.73443107359237e-05,0.06177307623097313,0.013918484715290988,0.6084811718583327,0.0790612617144472,0.014366423781958945,0.006219437875544986,8.644084570767722e-05,0.05950761717689983,0.011882294961527476,
31,0.0001,308640.0,0.22340580090148562,0.05990035652615892,0.007423766260373161,0.004427023066748667,4.240545135475591e-05,0.04108821075160949,0.0043196406928222445,0.7067666387740095,0.07556363996377458,0.013964521587533377,0.005802064546954341,8.396934140330169e-05,0.0632728892156117,0.013856042343729525,,,,,,,,
32,0.0001,318285.0,0.22093308415047655,0.059413150305609216,0.00730980573680016,0.004392154631309788,4.17729069003885e-05,0.04085739886466364,0.0042724655682735415,0.6761839241349048,0.07944985196578583,0.01462064579032198,0.006070557568821869,8.778098100266768e-05,0.061515529030005144,0.01323126556689166,,,,,,,,
33,0.0001,327930.0,0.21952266548977384,0.059332914433607144,0.007290940530906971,0.004388234666935643,4.179247092106413e-05,0.04075962812115098,0.004244634499177329,0.6534945251547625,0.08596239885475788,0.01595615009180793,0.006548421354487378,9.47854212319139e-05,0.061301766267075716,0.01275076750125909,,,,,,,,
34,0.0001,337575.0,0.21729865394225592,0.058669387123548425,0.007127837222731139,0.004338041161742269,4.079598656010803e-05,0.04054079370426123,0.004203416334390492,0.6860890029070966,0.08048300970361251,0.014985268193112768,0.006134303458807564,8.939280055834135e-05,0.06186904258921637,0.013422074694279678,,,,,,,,
35,0.0001,347220.0,0.21945268020029535,0.058950072723597924,0.007317954827382583,0.004358270131343352,4.182544974903029e-05,0.040561511995258405,0.004242694507458255,0.7439745830129157,0.09316733761614723,0.01942714661916453,0.0071128985466546975,0.00011600778337491026,0.06566105238287591,0.014490948727875024,,,,,,,,
36,0.0001,356865.0,0.21387191734174155,0.058067575419969625,0.006993813624894037,0.004292136320597459,3.994905297315509e-05,0.04028032973819752,0.004137562074336943,0.6891652630275079,0.08302591662726846,0.017767085028666297,0.006369729993940143,0.0001066295559388408,0.06342598443043017,0.01342796355997683,,,,,,,,
37,0.0001,366510.0,0.2151975802876934,0.05846054778771528,0.007097886679089518,0.00432259750362365,4.064471616295879e-05,0.04027089590379965,0.004161993872172067,0.6664828766852382,0.07411584159227422,0.013529840367338949,0.0057115131907907995,8.233367214461124e-05,0.060994843346266224,0.013059060726357985,,,,,,,,
38,0.0001,376155.0,0.2093653354478587,0.056975369699601236,0.006752987584716459,0.004211422788401626,3.8544038170764606e-05,0.039880107796626846,0.0040522469572628565,0.6982541404623841,0.0882070038712316,0.015851759210724257,0.006738240387905955,9.386908177261023e-05,0.06157222491014095,0.013648047625033199,,,,,,,,
39,0.0001,385800.0,0.2080776784808707,0.05699990915856743,0.006716723666264435,0.004212932392063508,3.834311317925958e-05,0.03982382607688676,0.004027219096292146,0.6849813927196261,0.0790770374888354,0.016536031363697346,0.006106624433694765,0.00010077799903208669,0.06238891273740639,0.013368907227118573,,,,,,,,
40,0.0001,395445.0,0.2086595983988067,0.05717796515749908,0.006788357616891285,0.0042263096217032056,3.874253952144763e-05,0.03979919972905033,0.0040374248156383186,0.65768760299539,0.0735498959206041,0.014059507930260718,0.005719169054654208,8.746665944698963e-05,0.06137054131816457,0.012872561901302584,0.6044808816139566,0.07014943318748611,0.013143272281225124,0.005504840967495579,7.885257457476374e-05,0.05884629880014989,0.011826752186654632,True
41,0.0001,405090.0,0.2046840853092126,0.056351475655889854,0.006565998219474431,0.004166026759576007,3.753517915775704e-05,0.039523079727295754,0.003962361741794779,0.7270055607356206,0.07922978426915434,0.014116278318816972,0.006056152453186064,8.445075827729797e-05,0.06190668386074986,0.01425778564833607,,,,,,,,
42,0.0001,414735.0,0.20395883905162113,0.056572604599189634,0.006582165652581482,0.004179717645696992,3.749903702595796e-05,0.03942868115467817,0.003947533467980798,0.6842121816894682,0.08679124632684707,0.016369825763927447,0.006619954550339219,9.809219032659924e-05,0.06247745306235736,0.013356847118510814,,,,,,,,
43,0.0001,424380.0,0.20693898395028307,0.056663621176139115,0.006699353564084556,0.004185797395813674,3.81389245454463e-05,0.03949795847499606,0.00400479260772397,0.7653822463849693,0.09185281175834951,0.020230344161848123,0.007054528073689242,0.00012079239679827399,0.06782188145629159,0.014903038044462424,,,,,,,,
44,0.0001,434025.0,0.19981089907402577,0.05608015404911063,0.006466241680517696,0.004142644058027989,3.692918401680341e-05,0.03911294975439975,0.0038668931478701633,0.6845418989452255,0.07555826345387341,0.013096064448469034,0.0057707547296460115,7.891832034839956e-05,0.06171743675673702,0.013428916689935132,,,,,,,,
45,0.0001,443670.0,0.2003385228032849,0.05561969637230788,0.006386549151735801,0.004109379632199081,3.64428514573768e-05,0.039099206588311376,0.0038790394730309876,0.6907818010801009,0.0732105562872055,0.013975435142009569,0.005615078830902405,8.396158385316223e-05,0.06142355718943111,0.013536127318761826,,,,,,,,
46,0.0001,453315.0,0.19838360524221704,0.05516421204868298,0.006298424648259615,0.004076697595298521,3.59124944008109e-05,0.03900693395686526,0.0038417036118791534,0.687494741737992,0.07677140003888452,0.015023053015978827,0.005928640098726931,9.14518762718227e-05,0.06148575178775691,0.013449433774440262,,,,,,,,
47,0.0001,462960.0,0.19739316870137974,0.0548602403909785,0.006226693990600199,0.00405531641183649,3.559514414803809e-05,0.03887521188278735,0.0038233294942156045,0.6746626639099192,0.07008493763234,0.0131321626763732,0.005388032038106429,7.919762515239279e-05,0.060507419587136665,0.013230610024670922,,,,,,,,
48,0.0001,472605.0,0.1999961821770123,0.05518998363810047,0.006360967445371861,0.00407776851725849,3.627454671577851e-05,0.038929291651818146,0.0038727042946328115,0.6832431581129694,0.07018244858350808,0.013091107628541496,0.005450804242630341,8.115398620067859e-05,0.06143196887401951,0.013403041009688556,,,,,,,,
49,0.0001,482250.0,0.1948797213482236,0.0551183388961427,0.00625134293683633,0.004070023927190925,3.554967146953952e-05,0.03865087487928318,0.0037725675682277614,0.693758784548727,0.07504895691453348,0.015128172971162257,0.005812655643743745,9.193082238343763e-05,0.061301753501035595,0.013572612231551293,,,,,,,,
50,7e-05,491895.0,0.1778472871186811,0.04997370373547509,0.005302957424952004,0.003695321366834799,3.0266113511769755e-05,0.037022747244608675,0.003450886593874602,0.6760178412340931,0.07732803076398395,0.013479982556888778,0.00590044229994802,7.962867684383154e-05,0.06075232673295942,0.013250757173544087,0.6091368947853557,0.07790388035821617,0.012970750357105206,0.006092708233044266,7.819992875446614e-05,0.058838131671413794,0.01192332288856501,
51,7e-05,501540.0,0.17609736556350256,0.050074212795419924,0.005289106842951953,0.0037006113401390596,3.014079238571777e-05,0.03685779158514138,0.003416165174411018,0.6785897898052615,0.0790110776001262,0.013341935391799457,0.005991916440044839,7.862782069920065e-05,0.060310226934698986,0.01330495708826924,,,,,,,,
52,7e-05,511185.0,0.17721891885931895,0.050010212119459926,0.005298515029866731,0.0036964409383753237,3.017034772666923e-05,0.03689300879426439,0.003438408076589049,0.6540906819625775,0.07177800250648671,0.012452613241497941,0.005492863845287695,7.419316125086677e-05,0.05992038504916156,0.012832761374421589,,,,,,,,
53,7e-05,520830.0,0.17624262064696805,0.04977687708856093,0.005261585567898526,0.0036792403243484273,2.9983321694378497e-05,0.03676667378676179,0.0034196207015813893,0.6712634779694151,0.06767890607729732,0.013155315023701644,0.005237106384290586,8.033622326603096e-05,0.05971080653663906,0.01316216325891427,,,,,,,,
54,7e-05,530475.0,0.17442577697189854,0.04949242190799169,0.005195260033566758,0.003656733941897847,2.9523207776892356e-05,0.036663116867200654,0.0033846103387666477,0.6558847660496792,0.06564442706692007,0.011858134172485291,0.005067173954151054,7.244520735486303e-05,0.05942099898309143,0.012880532637543879,,,,,,,,
55,7e-05,540120.0,0.17336785687212067,0.04940275109540485,0.0051528411541327595,0.0036502111167012884,2.934587200733614e-05,0.036590246883585885,0.003364300314359755,0.706180342521358,0.06667246310223654,0.012518987642336249,0.005148704793901266,7.659417539623689e-05,0.06146820328865046,0.013873227097580435,,,,,,,,
56,7e-05,549765.0,0.1738407382926776,0.049310123519891426,0.005147039099633435,0.003644259170959946,2.933274886509133e-05,0.036537126053612916,0.0033738739838608685,0.6869017741827591,0.06752727827868857,0.0129575550324382,0.0052089971802227525,7.713233087126373e-05,0.06016260588874671,0.013478884383006418,,,,,,,,
57,7e-05,559410.0,0.17219808678711623,0.04925910561591901,0.005120153216150438,0.0036394816172345234,2.9167092269110667e-05,0.03645768298136591,0.003341558671419315,0.6571866406145555,0.06529755314532086,0.012261289451839467,0.005028342032755621,7.392548619200516e-05,0.0594840018858784,0.012898507023254319,,,,,,,,
58,7e-05,569055.0,0.17109335688825866,0.048994776673141505,0.0050576019068311615,0.003621691410290448,2.886171156782116e-05,0.036373575005483,0.0033207150996285625,0.6641435471551933,0.06672061697090284,0.012200236141329519,0.005165136558084258,7.452257658093072e-05,0.059939847429898566,0.013038866220277275,,,,,,,,
59,7e-05,578700.0,0.1704701561251947,0.04893014320595227,0.005053062504998116,0.0036157309097742487,2.8761306526875505e-05,0.03630893371833977,0.0033083418724039323,0.6846822214141927,0.06805052941266784,0.01276515531032931,0.0052268834472516,7.638119542819346e-05,0.05961909205553526,0.013438341322077265,,,,,,,,
60,7e-05,588345.0,0.16904233553779777,0.048565853500508425,0.004961744349267805,0.0035880269902811963,2.8246402781911767e-05,0.03619213965854896,0.0032816118237705845,0.6770500301694931,0.06687783061249739,0.012921828935851897,0.005151296337452448,7.78565369609484e-05,0.05976814980135473,0.013282564024672821,0.5916051213766537,0.06462094108691871,0.011754715995560794,0.0049846970980907705,6.700064098870339e-05,0.057630772615734446,0.011597008107621858,
61,7e-05,597990.0,0.1705043088432521,0.048627049679808826,0.005058688677929244,0.0035920187222273138,2.870263402786588e-05,0.036241429323628886,0.003308912403306442,0.6855270214580188,0.06656566658745816,0.011852293175700836,0.00512447713012532,7.139104747637661e-05,0.05985963813215922,0.01347349456564636,,,,,,,,
62,7e-05,607635.0,0.17046370320730447,0.048804776239067385,0.00504420460759183,0.003606160368593727,2.8739080429399594e-05,0.036245997056084465,0.0033083899719942205,0.6731958965371486,0.06722572153156489,0.012258879270256736,0.0051796908024892225,7.346329224748732e-05,0.05986289425518685,0.01321874034533784,,,,,,,,
63,7e-05,617280.0,0.16643824923678704,0.0480158702879695,0.004863856991335072,0.0035475349983623366,2.767566327965956e-05,0.035920305454027066,0.003231487844909055,0.7003349649736886,0.09111536422468927,0.017577926441040177,0.006990898653387581,0.00010608784072370272,0.06293523787012843,0.013655140770652968,,,,,,,,
64,7e-05,626925.0,0.1666081115582355,0.04812118283077828,0.0048739212850254605,0.003555257240436759,2.7736494956638436e-05,0.035985921999807186,0.003234683805464191,0.686768565593826,0.07118234959688362,0.012501391909477595,0.005439698291596711,7.409427251452802e-05,0.05977754813933641,0.01348534347368697,,,,,,,,
65,7e-05,636570.0,0.16603217513211863,0.047929162795614544,0.004830974205872305,0.0035409571285213667,2.7484778641159e-05,0.03591327506466596,0.0032240240185249253,0.6802136515126876,0.07238981983892226,0.012493650089832945,0.005547743711618636,7.514604748966852e-05,0.05965853660710557,0.013354400028457095,,,,,,,,
66,4.899999999999999e-05,646215.0,0.15649706417181466,0.045048272418248825,0.0043890273830374735,0.0033285368769468728,2.4925878384225544e-05,0.03482341898777912,0.0030421607357755424,0.6514458869237394,0.06374154011751924,0.01169772200488994,0.004898148320147061,6.964219995211989e-05,0.05922080793855707,0.012794963298376991,,,,,,,,
67,4.899999999999999e-05,655860.0,0.1559625878508926,0.044967594535433204,0.004368540675059227,0.003321995028221267,2.4826748561679398e-05,0.034766224093570684,0.003031880943516667,0.6568638562556559,0.06473855235801237,0.01206906905134665,0.004980569148392703,7.222751015442769e-05,0.05870920829287194,0.01289589574408619,,,,,,,,
68,4.899999999999999e-05,665505.0,0.15557331016482226,0.044697469870880274,0.004327060541192239,0.003303746809196697,2.460978073574017e-05,0.03469994900342887,0.0030249249924725785,0.662934929550673,0.0627793923989484,0.011831321471219125,0.004852471542135391,7.125745897962285e-05,0.05891559275733277,0.013022072161589076,,,,,,,,
69,4.899999999999999e-05,675150.0,0.15470752320947895,0.04461362737356924,0.004310981839308951,0.0032990606985559795,2.456666829325759e-05,0.03466388948535899,0.0030079308274034,0.6574361205995298,0.07714295928795728,0.013355254936294853,0.005865673305925657,7.870780840080205e-05,0.05895369376099406,0.012881617313264699,,,,,,,,
70,4.899999999999999e-05,684795.0,0.15227335842742662,0.04444479562712737,0.004246772832994226,0.003283269170907644,2.4137035474740068e-05,0.03450552723241554,0.0029605317118886506,0.6464887664362634,0.06448553256504548,0.012144620678224312,0.004969024375136678,7.296126641537939e-05,0.05899331427199193,0.01268688291516078,0.5916522020794017,0.06311936110238783,0.01132214723265904,0.004901938687812015,6.55636787039605e-05,0.0570831926056389,0.011606601096934854,True
71,4.899999999999999e-05,694440.0,0.1519335792130452,0.04440987314746991,0.004242010147568181,0.0032799718847627618,2.4121497463432225e-05,0.034453305725782334,0.0029538313813095387,0.6683055865950356,0.06487203195774709,0.011986581913219864,0.004979872743063594,7.122284290307129e-05,0.059171592366752165,0.013126380093636317,,,,,,,,
72,4.899999999999999e-05,704085.0,0.15144010364802526,0.044258735186063144,0.0042127114406783715,0.0032697042538185656,2.391961588298004e-05,0.03444293096456921,0.0029445478441469538,0.6711416547140445,0.06946475481603194,0.013640265906037013,0.005334236045692069,8.055756273905319e-05,0.06018319038569583,0.01315002777616015,,,,,,,,
73,4.899999999999999e-05,713730.0,0.15207678730493282,0.04391986186026072,0.004180216893094242,0.003246462275489295,2.377958677029071e-05,0.034416710100285554,0.002957931408236765,0.6954332236261038,0.06900639030736111,0.012728127815244466,0.005342327860456351,7.847064118519584e-05,0.060998154204117215,0.013654101916217187,,,,,,,,
74,4.899999999999999e-05,723375.0,0.15154904512148862,0.04416109379703811,0.004202444003497509,0.003263960102345738,2.3913437175389527e-05,0.03437318213872462,0.0029469320223598325,0.6729072825918359,0.06522570950629325,0.011792071219908279,0.005004414900408904,6.993959895869213e-05,0.059267583611432674,0.013222304227438553,,,,,,,,
75,4.899999999999999e-05,733020.0,0.15098983826290513,0.04422268812870585,0.004191860415024689,0.0032671864517932196,2.3853978907835275e-05,0.03434679907670633,0.002935959556957608,0.6861910999560649,0.07344499954902295,0.013307343493046598,0.005622250993495458,7.938511574564813e-05,0.060247254492802126,0.013457675129260363,,,,,,,,
76,4.899999999999999e-05,742665.0,0.15080066449503457,0.04419193239452029,0.004190559786791513,0.003264528638510515,2.3807887543207525e-05,0.03435559605310199,0.0029322020941648565,0.6646622741487402,0.06808550471981453,0.011973280976318576,0.005204435623963389,7.084886548941165e-05,0.059376690099014674,0.013053779863448436,,,,,,,,
77,4.899999999999999e-05,752310.0,0.149501689526571,0.043853336175078854,0.004134715096993294,0.003239771610531312,2.3532264214849192e-05,0.03418971655235055,0.0029073394885915462,0.6896029217143855,0.06600346121830844,0.012299086162947762,0.005063499405206994,7.352023450309908e-05,0.05950295499480509,0.013546076711028754,,,,,,,,
78,4.899999999999999e-05,761955.0,0.15005827323711257,0.043886384978145634,0.004147871257714684,0.0032421243003391297,2.3568144240619694e-05,0.03423415856677875,0.0029182080395879707,0.6729201706587368,0.06926012948781445,0.012351211230153336,0.005301529385995309,7.364537341454349e-05,0.0593071478091286,0.013211379188571673,,,,,,,,
79,4.899999999999999e-05,771600.0,0.148615955336895,0.043712136220772156,0.00409675787639955,0.003229360773501509,2.327744852665805e-05,0.0341463640643487,0.002890383949209918,0.6853577674687745,0.067965630223259,0.013116509625345937,0.005233997417517026,7.913919052574339e-05,0.05964449732464362,0.01344482515686857,,,,,,,,
80,4.899999999999999e-05,781245.0,0.1493801282951297,0.04387367560578235,0.0041346730999271145,0.0032408472069910305,2.3528957151564647e-05,0.03415005767366848,0.0029049091039040336,0.6810423407850615,0.06487835961151103,0.01170602262658534,0.004994610296482779,7.02879238287604e-05,0.05948747364090935,0.013386726363169524,0.5994934366857896,0.06161618953612251,0.010708361884773492,0.004750485649303573,6.101711334570388e-05,0.057368380298925284,0.011775701496020322,
81,4.899999999999999e-05,790890.0,0.14931465055280305,0.04376633556031142,0.004112734222515419,0.003233065160488167,2.335983451309282e-05,0.0341498388523732,0.002904038326605745,0.6838587045049785,0.06263937451888851,0.011752309645530618,0.004832373559130645,7.078208271580883e-05,0.059030942337761926,0.013442127897188957,,,,,,,,
82,4.899999999999999e-05,800535.0,0.14929470596588462,0.043664897965000615,0.004130183487468108,0.003226675499250416,2.346831072494265e-05,0.03405741878778228,0.002903290449568328,0.6852319690421977,0.06563833680337612,0.011897756343660937,0.00503729404328983,7.082133947694442e-05,0.05951716437843788,0.01346668425397074,,,,,,,,
83,4.899999999999999e-05,810180.0,0.1478205599910736,0.04348804417859331,0.004056665333267248,0.003213207762959521,2.308215037399615e-05,0.034005379510696286,0.002875277893156128,0.6839270571661559,0.06461815418249481,0.01197646891724933,0.004964475480894316,7.11175113521573e-05,0.05977563161483638,0.013439011764978132,,,,,,,,
84,4.899999999999999e-05,819825.0,0.14704275436372002,0.043357174352798025,0.004031588192625337,0.0032033395913714426,2.2922094034692107e-05,0.033953304707015,0.0028602233234219,0.6855703801223378,0.06276056098258251,0.011508607162559314,0.004823414700192053,6.890277665091217e-05,0.059172355452570144,0.01348123545919557,,,,,,,,
85,4.899999999999999e-05,829470.0,0.14786010315692333,0.04340964947101806,0.0040454749913546965,0.003206651414238862,2.3001459554501535e-05,0.03398005105765459,0.0028762925633113866,0.6641619667021545,0.06518129174668702,0.011905379636460035,0.004997200914116741,7.110511657382361e-05,0.058783619666712084,0.013045131741313892,,,,,,,,
86,4.899999999999999e-05,839115.0,0.14627870961866582,0.04326876466582791,0.0040150631456713605,0.0031977139282292288,2.2847260099421537e-05,0.03390683199512155,0.0028452729294598956,0.7088674064856058,0.06532731517675201,0.012186763923084393,0.005009667603156652,7.233347508123405e-05,0.059619581478313144,0.01393361285125043,,,,,,,,
87,3.4299999999999993e-05,848760.0,0.1391965043113805,0.04106624313230168,0.003709283528769738,0.003034684065923354,2.1073927920479668e-05,0.03307788601747893,0.0027097444156522314,0.6820981564088306,0.06172341547051528,0.011779226776840433,0.00474944488533007,7.050847548839857e-05,0.05876147454750942,0.013406378592639804,,,,,,,,
88,3.4299999999999993e-05,858405.0,0.1384052227982614,0.040902578746255996,0.003669843332055034,0.0030210920297271543,2.080224701204243e-05,0.03300349037164839,0.002694707589324118,0.6807003619673742,0.0652180731670096,0.012289017251365959,0.005013920001071541,7.304987936803459e-05,0.05875376294918078,0.013368226894320165,,,,,,,,
89,3.4299999999999993e-05,868050.0,0.1385272242284286,0.04086163184350346,0.003655021026938009,0.0030192843882620064,2.0755879248048193e-05,0.033006164634925,0.0026974440640298238,0.6906254109974692,0.0639483575263741,0.012022030907189092,0.004889713191952807,7.061213163447511e-05,0.05913758663135563,0.013572067601805604,,,,,,,,
90,3.4299999999999993e-05,877695.0,0.13787667156478464,0.04083821772414474,0.003651888628403048,0.0030161934793259616,2.0709890291506764e-05,0.03295313945242146,0.002684495658727624,0.6737575305064404,0.06254931827538221,0.011884441039204774,0.00482645365238543,7.10435598072435e-05,0.059239973818378325,0.013237461789344715,0.5923159871821727,0.0597034822441743,0.01047138911432333,0.004627336002925688,5.966247174794591e-05,0.057100692322816796,0.011636891961356989,
91,3.4299999999999993e-05,887340.0,0.1379702419386162,0.040727572103922895,0.003646062974800781,0.0030094712374261795,2.0694622460330745e-05,0.032941301037825374,0.0026864835792763174,0.6633598611235919,0.06361067843005222,0.01138521957279789,0.004893713614716091,6.897320288441675e-05,0.0593878182430311,0.01303949283101588,,,,,,,,
92,3.4299999999999993e-05,896985.0,0.13832166614926555,0.04091432780626307,0.00366812748381068,0.003022428249042221,2.0821034072050505e-05,0.032942143135028835,0.002693070773309099,0.6767944196223861,0.06131562996066496,0.011693836879535822,0.004722925441170423,6.918705785545197e-05,0.05877690513995676,0.013302011654857008,,,,,,,,
93,3.4299999999999993e-05,906630.0,0.13722500750724032,0.04064612886898059,0.003621678793298701,0.0030024197070476467,2.0551536365717012e-05,0.03285010368938368,0.0026720665742788257,0.6502038849907138,0.06211573864686998,0.011454301108214247,0.004758443958241288,6.801737111808817e-05,0.05852321082559422,0.012774991677649991,,,,,,,,
94,3.4299999999999993e-05,916275.0,0.13776041654465546,0.04081846567792763,0.003636261021531004,0.003013408282859879,2.057240467338189e-05,0.032883563521306565,0.002682483110462486,0.682022333638815,0.06314981764425993,0.012027141836250758,0.004879175063314392,7.222459329800687e-05,0.059017196682197993,0.013399903836051285,,,,,,,,
95,3.4299999999999993e-05,925920.0,0.1372907326171026,0.040588311753971956,0.0036119817614372204,0.0029979407799936935,2.0480641589545408e-05,0.032835149688784544,0.002673575017113322,0.6822498435038125,0.06377223598922883,0.011503164095758005,0.004893847999389516,6.839423588504149e-05,0.059064355225529906,0.01341493358816109,,,,,,,,
96,3.4299999999999993e-05,935565.0,0.1368423098508325,0.04057251589934971,0.003603623824008696,0.00299660588996754,2.0422725794580275e-05,0.0328332872213157,0.002664773720536468,0.6790773242582618,0.06478078060502121,0.011768332130116785,0.004974664282946833,7.01086372211143e-05,0.059188307905651306,0.013346179842562903,,,,,,,,
97,3.4299999999999993e-05,945210.0,0.13672005426235054,0.040379003924791886,0.0035754832579640485,0.0029831712956318733,2.0287598058607406e-05,0.03277309566372691,0.0026628914200877364,0.6692564027911996,0.060764560282411006,0.011455666060822598,0.004665048645131253,6.787846564648432e-05,0.05861303350581999,0.013156014734607539,,,,,,,,
98,3.4299999999999993e-05,954855.0,0.13648868108716755,0.04051311132125548,0.0035844727661753766,0.002992431858868208,2.034078236190386e-05,0.03276400506134584,0.002658084166419866,0.6763666842636351,0.06301691662550182,0.011487564915864078,0.0048299317853124305,6.82085558621872e-05,0.05904124036478089,0.013297582386955418,,,,,,,,
99,3.4299999999999993e-05,964500.0,0.13710556694316517,0.04050687119794691,0.0035978153324040148,0.0029921947210753627,2.0413362418676998e-05,0.032795813040556836,0.0026701550322152023,0.6638297187904931,0.06188803161359574,0.011473262176978,0.004758232974889597,6.808809610215697e-05,0.05898807581476878,0.0130471291322703,,,,,,,,
100,3.4299999999999993e-05,974145.0,0.1352580795620338,0.040294373501904075,0.0035432487627207756,0.0029755530320983645,2.0080776681316413e-05,0.0326835706902025,0.0026342966159862706,0.6860706770736121,0.06277568847231342,0.01149229794417823,0.004829486060811553,6.864540546350577e-05,0.05873566008444311,0.013491567582588678,0.5940504555288901,0.05940268590401902,0.010301290292254111,0.004581537545530102,5.749951648161678e-05,0.05671144347710115,0.01167498330473272,
101,3.4299999999999993e-05,983790.0,0.13570709775615478,0.04040472464860446,0.0035628710449208158,0.00298344982836079,2.0209145183315578e-05,0.032698504324459816,0.002642884534224683,0.6890931405300799,0.06790240461847007,0.012010655434396623,0.0051871274590711445,7.088833983625567e-05,0.05881367993683941,0.013541649701913665,,,,,,,,
102,3.4299999999999993e-05,993435.0,0.13476787943659035,0.04010185082999966,0.003521711901854273,0.0029622372137492947,1.99817197216571e-05,0.03260153461763727,0.002624923350694718,0.6773940580061258,0.06195279900232635,0.011599019600219647,0.00476582615571782,6.905981601781853e-05,0.0589159939382113,0.013315900768118121,,,,,,,,
103,2.4009999999999995e-05,1003080.0,0.13038562779864654,0.03874577081755138,0.003342510649500478,0.0028627508802833625,1.8956688703637935e-05,0.03207405414117523,0.0025408623429829308,0.6774185525986965,0.06272697680498823,0.01155010345187134,0.0048132297166032685,6.860900917263568e-05,0.058605415553677466,0.013317368982936506,,,,,,,,
104,2.4009999999999995e-05,1012725.0,0.13017768328465434,0.03859275659831026,0.003317482573589733,0.002851355029669773,1.881196827063341e-05,0.032050959784277654,0.0025372040142212877,0.6814432622803939,0.0614690425106628,0.011754756306853489,0.0047500399507918924,7.065183941694692e-05,0.05881046218124451,0.013393770119470808,,,,,,,,
105,2.4009999999999995e-05,1022370.0,0.1298954879635876,0.03857695551686546,0.0033155657406858064,0.0028501874009414286,1.8806267324930376e-05,0.032018403772164104,0.0025315984444580497,0.6795468625307827,0.06137329275496358,0.011690523065057645,0.004725083988850189,6.954978310338915e-05,0.05864099418761931,0.0133571267893145,,,,,,,,
106,2.4009999999999995e-05,1032015.0,0.1300815943631336,0.0385329354814326,0.0033068193130340916,0.0028471213835683865,1.8752786431782007e-05,0.032023045069785504,0.0025354955010019804,0.6724222129998072,0.06154421885895846,0.011352156228360229,0.004719422407358695,6.696823919773108e-05,0.05855319643877047,0.01322140113542894,,,,,,,,
107,2.4009999999999995e-05,1041660.0,0.12943495888848708,0.038439688449813866,0.0032952072438994767,0.0028403294461102633,1.868044484568407e-05,0.03197750759593096,0.0025227950328917397,0.6747194149550424,0.05999740334242415,0.011285901509106766,0.0046101654205976846,6.688019271249509e-05,0.058503460297710266,0.013268670268918712,,,,,,,,
108,2.4009999999999995e-05,1051305.0,0.129248808076586,0.03856392599633144,0.0032986854553231117,0.002848103360873508,1.868571349144129e-05,0.03195642968191158,0.0025190024524252585,0.6777107002929492,0.061289895207313386,0.011555320427939138,0.004707442202332926,6.84591670408734e-05,0.05873057675521567,0.013323107597300201,,,,,,,,
109,2.4009999999999995e-05,1060950.0,0.12918224331920353,0.038385250521538516,0.0032785493882168857,0.002836218898805035,1.8600555808266533e-05,0.03194129126369177,0.0025180738786197425,0.6819728415236701,0.06135736495173496,0.011824671590751554,0.00471488904276622,6.979300562503352e-05,0.05879326013773799,0.013402963398658369,,,,,,,,
110,2.4009999999999995e-05,1070595.0,0.12899109853910687,0.03852813484166849,0.0032922735451958555,0.0028452773675148,1.864286169920111e-05,0.031923938148509544,0.0025139764998782267,0.6793206543452889,0.06167494182643387,0.011714744810313722,0.004739849927964701,6.926268362853086e-05,0.058696247323864824,0.013352118190699503,0.5946816061671668,0.058530387609851096,0.010279327528614624,0.004518713327817342,5.711193817874027e-05,0.05641850736037429,0.011688045572771045,
111,2.4009999999999995e-05,1080240.0,0.1291292361697745,0.03852050468355302,0.0032947140717081652,0.002845725578564342,1.8685596790153027e-05,0.03190089591025312,0.0025166904419613263,0.690116755651677,0.061209872768623254,0.01121013098177845,0.0047250534384631355,6.727353687608849e-05,0.05895741163513983,0.013578132493397971,,,,,,,,
112,2.4009999999999995e-05,1089885.0,0.12844810366784362,0.03826352199513796,0.003259203587747652,0.002826857726078587,1.8475150101181066e-05,0.031879207922957176,0.0025037780016019104,0.6871249383338915,0.06315632693388926,0.011534732267749466,0.004837314705310973,6.800929056637407e-05,0.058838521552525135,0.01351180412132284,,,,,,,,
113,2.4009999999999995e-05,1099530.0,0.12873470681211946,0.03825014766132322,0.0032557848385898337,0.0028261200382745976,1.8469231421710936e-05,0.03186210158811331,0.002509578439470593,0.67643475696773,0.06322916816810195,0.012060160219501796,0.004857901951587393,7.130156172099693e-05,0.058415269317616945,0.013287491934964566,,,,,,,,
114,2.4009999999999995e-05,1109175.0,0.12830146695486314,0.03824934780647719,0.0032526442196690233,0.002826287747927866,1.845069895160331e-05,0.03184848948481154,0.0025009764547039037,0.676683617132649,0.0632583504305694,0.011241362454996377,0.004833546269084321,6.626837906795732e-05,0.05871498120874191,0.01330884509355305,,,,,,,,
115,2.4009999999999995e-05,1118820.0,0.1281161471854836,0.038247105874849335,0.003251478128038879,0.0028250628756151903,1.8434674152966114e-05,0.03182106328036484,0.002497293381148881,0.6830192628184192,0.0598892945237496,0.011315531036900556,0.004602000607286459,6.688114185853914e-05,0.058764510810109596,0.013434074635630375,,,,,,,,
116,2.4009999999999995e-05,1128465.0,0.1281772937626304,0.038228083521219876,0.0032470158797734314,0.002824413110442328,1.839919382466108e-05,0.031814371529184544,0.002498605557657147,0.678977976769594,0.06420625108030126,0.01174339025392205,0.00491502669254444,6.898313346022933e-05,0.05866068230952122,0.013344691730313444,,,,,,,,
117,2.4009999999999995e-05,1138110.0,0.12778394290040312,0.03813522939326894,0.0032338401178024687,0.0028171152839507776,1.833814806333931e-05,0.03178444328623977,0.002491002055652024,0.6865390156074981,0.06190175378804106,0.01128073121860427,0.004746348785171632,6.683811026665586e-05,0.05882436157584965,0.01350516568777788,,,,,,,,
118,2.4009999999999995e-05,1147755.0,0.12761517237862108,0.03799966136340836,0.0032116624120155685,0.0028070539303277466,1.821054777339081e-05,0.03176485384634423,0.0024880701993321196,0.6745495352561716,0.059614413448823865,0.011444804660533226,0.004579377514414092,6.748876281387531e-05,0.05864198816693581,0.013262094611912769,,,,,,,,
119,1.6806999999999997e-05,1157400.0,0.12439925135090919,0.0370129974771773,0.00309028764225855,0.0027351843494064143,1.752871417053547e-05,0.031381385153581756,0.0024261792741730225,0.6863950275417774,0.06291926779634686,0.011688703514673129,0.004827980721541212,6.88246426872473e-05,0.05917738116827688,0.013494126480542084,,,,,,,,
120,1.6806999999999997e-05,1167045.0,0.12383437449241003,0.03690678757482815,0.003073896894270692,0.002726564752443469,1.741592503300791e-05,0.03134031497206189,0.002415209551962791,0.6770668382215763,0.060489585640445875,0.01152414926337036,0.004643128001140792,6.788217756563378e-05,0.05854889063289105,0.01331085377916412,0.5957745170829633,0.059161472476173906,0.010304595339845768,0.004563922338006557,5.7337653913924294e-05,0.05637457116884213,0.011709398434862347,
121,1.6806999999999997e-05,1176690.0,0.12359991339732562,0.0369506182410674,0.0030768108432226216,0.0027303699555284596,1.746072883574917e-05,0.031322798625062646,0.002410462051082061,0.6873287946083806,0.06102745704218961,0.011448540540174015,0.004692493547044466,6.784743536987167e-05,0.05864957402454861,0.013517605081364134,,,,,,,,
122,1.6806999999999997e-05,1186335.0,0.12388768036088542,0.03690904605727183,0.0030697444231353017,0.0027268358670193425,1.7398138971911248e-05,0.03131541031640589,0.0024163587187550012,0.6795753303735681,0.05985401265437941,0.011228848391435297,0.00459280927850275,6.625543053960696e-05,0.05848508486553049,0.013366929639642658,,,,,,,,
123,1.6806999999999997e-05,1195980.0,0.12370215444168764,0.0369851652899338,0.003074007892664791,0.002732337720622301,1.7419258362984734e-05,0.03131797009678433,0.0024125629309804594,0.6999114790542516,0.06111690759503672,0.011461414374929046,0.00469396101860126,6.761868158822541e-05,0.059437534732637284,0.013769001293586446,,,,,,,,
124,1.6806999999999997e-05,1205625.0,0.12374021896743206,0.036869967460087985,0.003066778996430881,0.002723824041405871,1.737770313758252e-05,0.03128531015239582,0.0024134687994200304,0.6746828207393469,0.060242132716672316,0.011471603934579726,0.004643045693657109,6.822958837232474e-05,0.05850113583594816,0.013264224336095346,,,,,,,,
125,1.6806999999999997e-05,1215270.0,0.12322991232402916,0.036804349935427354,0.0030528907426408684,0.002719293073758459,1.730573850091104e-05,0.031262669356266155,0.0024035404316277457,0.6829575911047978,0.062110497255682816,0.011409694628410226,0.0047636976197178,6.737641674443631e-05,0.058589765327355284,0.013430957929527748,,,,,,,,
126,1.6806999999999997e-05,1224915.0,0.12334322201313605,0.036797611380320304,0.0030524979498536523,0.002718367220205958,1.7294812694310286e-05,0.03126006401962123,0.0024058144812656363,0.6877492064186559,0.061054666666991775,0.011416478525321098,0.004676907933824634,6.720167596764607e-05,0.05849635923141204,0.013526654557866696,,,,,,,,
127,1.6806999999999997e-05,1234560.0,0.12327274129504365,0.03678430808281855,0.0030484231925244185,0.0027180098833996373,1.7271142929551368e-05,0.03125207658521148,0.002404486362050392,0.6828220306762338,0.06233495112062574,0.01142243154879324,0.004787738134717369,6.782008580877317e-05,0.05864615642251836,0.013427991982548815,,,,,,,,
128,1.6806999999999997e-05,1244205.0,0.12304168898759632,0.036768995538780325,0.0030449855279445306,0.002716954548124812,1.726233106452576e-05,0.031238885400616482,0.0023999340691930387,0.6940150306533683,0.06017686864575681,0.011035855303462301,0.004611883286047931,6.490263161720218e-05,0.059261340592880365,0.013659583506998123,,,,,,,,
129,1.6806999999999997e-05,1253850.0,0.12273180999997886,0.036702636510801884,0.00303906832648563,0.002711371845597087,1.7220778425440617e-05,0.03121909360106362,0.0023938548334698686,0.6727242922304895,0.05961884030188012,0.011415442447208402,0.004572723168054893,6.70569998210646e-05,0.0583759946589795,0.013226176995665622,,,,,,,,
130,1.6806999999999997e-05,1263495.0,0.12290552912886234,0.03672808713356211,0.0030400639334504033,0.0027136339513917644,1.7235161543668003e-05,0.031223390407880552,0.002397309303908257,0.69366945583068,0.06419381470377868,0.011973301154953347,0.004908588045619365,7.008683858284651e-05,0.05962560529593466,0.013633923093514532,0.6105988563828588,0.06381023727531429,0.011075806011798523,0.004942176304837586,6.251687466742571e-05,0.057249302398957425,0.011990461007421207,
131,1.6806999999999997e-05,1273140.0,0.12276136438168131,0.03663647466980289,0.0030251415093901185,0.0027069231115879654,1.7145360409587306e-05,0.031204139462799176,0.0023947244574458503,0.6841762608294768,0.06201723656482463,0.011586653840123279,0.004739123658040535,6.779218578736901e-05,0.05856754508309262,0.013451792139787071,,,,,,,,
132,1.6806999999999997e-05,1282785.0,0.12261049926543229,0.036624925685523724,0.003025078919326449,0.0027064781613383455,1.7145955210676384e-05,0.031188266225022604,0.002391708406922131,0.6813887208360485,0.060381630813488664,0.011708936548757681,0.004637609177989452,6.876096108209857e-05,0.0583603008791598,0.013393595685745819,,,,,,,,
133,1.6806999999999997e-05,1292430.0,0.12252810759863618,0.036656311446332024,0.0030236301564660764,0.002708489688401997,1.7144557538834627e-05,0.031170290289256074,0.002390089548843398,0.6916347129034,0.06105566088533996,0.011334081947888897,0.004675723873198718,6.682443908497565e-05,0.05865554292331225,0.013606012619110222,,,,,,,,
134,1.6806999999999997e-05,1302075.0,0.12216709564850542,0.0366128910014535,0.003017976654432805,0.0027048153119691044,1.710559946655086e-05,0.03114806919240829,0.002382982379881461,0.6942646679910611,0.06018832912892595,0.011329878208537012,0.004626506970951425,6.698369989067344e-05,0.0588536839341817,0.013658695795650483,,,,,,,,
135,1.1764899999999996e-05,1311720.0,0.11997902834014551,0.03585259532458536,0.0029296174982077943,0.0026497970065106746,1.662386625793234e-05,0.030868696038405787,0.002340988216838742,0.6902038305897087,0.06439579828503629,0.011487230601265951,0.004917566715888473,6.730607955744936e-05,0.05864486930284307,0.013574331999768855,,,,,,,,
136,1.1764899999999996e-05,1321365.0,0.1197494469144553,0.03572536231164081,0.0029135969845757097,0.002639744346852261,1.651755314502463e-05,0.030838091683365466,0.0023367169985976017,0.6906567869934465,0.06180711611381484,0.011547418601411851,0.004733575948944553,6.79285989644442e-05,0.05873223026180219,0.01358218736784069,,,,,,,,
137,1.1764899999999996e-05,1331010.0,0.11959534674287785,0.035742173665739924,0.0029126637974587607,0.0026409422450846564,1.6504341809020707e-05,0.03083815151237635,0.0023336536589083864,0.6921057688044416,0.059477473575875406,0.011197021195861023,0.004563115768826367,6.576334990065577e-05,0.05863326558621712,0.013618174952171611,,,,,,,,
138,1.1764899999999996e-05,1340655.0,0.11972779130952813,0.03569426677519339,0.0029100278327919516,0.0026375830700883516,1.6480850239547243e-05,0.030821336616506385,0.0023363552695347283,0.6869551942429022,0.05982297684324113,0.011454703012584938,0.004594852853674047,6.761086733213137e-05,0.05854084450376754,0.013510009824606348,,,,,,,,
139,1.1764899999999996e-05,1350300.0,0.1195392402823227,0.03568095972246938,0.002905809464555521,0.0026362236710214793,1.6454888392942414e-05,0.030819504446324312,0.0023326686163553517,0.7003678777371185,0.06060014708512699,0.011179570338773415,0.004650705790054997,6.587074893890143e-05,0.058834838362526974,0.013783766147966905,,,,,,,,
140,1.1764899999999996e-05,1359945.0,0.11940007069107375,0.035657498897345326,0.0029011536772644694,0.002634445742838331,1.6427312328335426e-05,0.030811656867739304,0.0023299783402761847,0.6888291341548693,0.05898973272696786,0.011321584330832923,0.004531018991147289,6.657921828474286e-05,0.05854678441723591,0.013550150996480725,0.6009915521004345,0.056798795500872266,0.010088304766724579,0.0043867191426991215,5.545154083396441e-05,0.056377327720834244,0.011818064946674202,
141,1.1764899999999996e-05,1369590.0,0.11921255818285016,0.0356429781052143,0.0028967941166437917,0.0026338520973113746,1.6414694812927024e-05,0.03079046258584598,0.0023263152813241344,0.6788103545723221,0.0615853689508258,0.011682159250792624,0.004721599492639974,6.867161186518281e-05,0.058286690242501236,0.013342563906430589,,,,,,,,
142,1.1764899999999996e-05,1379235.0,0.11935597621218762,0.03568138360025264,0.0028985592844521825,0.0026363762908199707,1.6418983219132282e-05,0.03079352326632607,0.00232914833855471,0.7056001296798804,0.0635487842280705,0.011438312715910042,0.0048683290941866405,6.74767090531642e-05,0.059734530639097096,0.013883236339279407,,,,,,,,
143,1.1764899999999996e-05,1388880.0,0.11912028732763824,0.03559237429507085,0.002888213458566403,0.0026298602409577684,1.6376053723983663e-05,0.030764397991934523,0.0023246414773814435,0.6876791036392744,0.05979431626784808,0.011422495842428463,0.004593554186013103,6.727780587053855e-05,0.05860165385521236,0.01352513215593692,,,,,,,,
144,1.1764899999999996e-05,1398525.0,0.1190953599610946,0.03555789893082633,0.002886888049471452,0.0026276432629586564,1.636041758121243e-05,0.03077070350876831,0.0023241694382324703,0.6920530332180193,0.06042508648101611,0.011407007891841521,0.00463918170680073,6.70063486342701e-05,0.05889750907100731,0.013612920506523555,,,,,,,,
145,1.1764899999999996e-05,1408170.0,0.11903046789670141,0.035625836184858324,0.0028917319485669,0.002632520486378844,1.6394191579742595e-05,0.03076697086256766,0.0023227747189626773,0.6994991514366886,0.061445863961235955,0.011321831593035145,0.004706097781768665,6.652691096276713e-05,0.059072373902198175,0.013763546396873067,,,,,,,,
146,1.1764899999999996e-05,1417815.0,0.11897950190447258,0.03558148139817616,0.002887542011247622,0.0026293151391180276,1.6355253540406157e-05,0.03074279698490078,0.0023218391978644987,0.681462833358087,0.059898468710105776,0.011392676348829105,0.004585337104345581,6.673215090542929e-05,0.05846345991347499,0.013401403140185161,,,,,,,,
147,1.1764899999999996e-05,1427460.0,0.11907543534953241,0.035616187152714855,0.0028874022944350287,0.0026316708501681212,1.6358647610496267e-05,0.030740209737512684,0.0023237606611019607,0.6761134157120974,0.05938563837349721,0.0111584114609765,0.004561370644013961,6.576868781807993e-05,0.05868898036864645,0.013299100085022417,,,,,,,,
148,1.1764899999999996e-05,1437105.0,0.11863348951577223,0.035527899316733696,0.002876075944821313,0.002625577555322301,1.6313529435316322e-05,0.030726858966607408,0.0023151482714190226,0.6976353996591381,0.06152813548471368,0.011412017081994982,0.0047026718236675156,6.664206941016563e-05,0.059088662877643784,0.013724467651542862,,,,,,,,
149,1.1764899999999996e-05,1446750.0,0.118712723231681,0.03556528559069867,0.0028774742846860344,0.0026273121144487132,1.629297657516304e-05,0.030720615454906213,0.0023167049789398907,0.6785660238916993,0.06067421120970157,0.011468800744930164,0.00465257601781152,6.74709489349018e-05,0.058579390510198115,0.013341944462935384,,,,,,,,
150,1.1764899999999996e-05,1456395.0,0.11861376253315313,0.03551764768550248,0.0028729393265733995,0.002624411814119255,1.626824910411797e-05,0.030715150262762208,0.0023148164641315907,0.6854662703722274,0.05963894279159976,0.01115484038749016,0.004574544315992057,6.566649648013897e-05,0.0585207048461364,0.013486228599694746,0.6004071784174613,0.057221560448721544,0.009986520981812347,0.004426688346053334,5.554306278370841e-05,0.05642156699336166,0.01180841314871298,
151,8.235429999999996e-06,1466040.0,0.11700470984960387,0.03492903104009883,0.0028093731700373475,0.0025814444336241947,1.5920747694916896e-05,0.03050343617524882,0.002283906733591322,0.6888268752327429,0.06027851561395982,0.011277624745410643,0.00461560804814078,6.627515875913056e-05,0.05862339751624566,0.013550985009746644,,,,,,,,
152,8.235429999999996e-06,1475685.0,0.11687486790436742,0.0349225813012453,0.002803980625491896,0.0025808482928459113,1.5888330063296814e-05,0.030493978455265667,0.0022814177455775316,0.6929619521827943,0.060152422311896235,0.011473210620263673,0.004618230135633041,6.757783896102109e-05,0.05854304327979189,0.013629774831250616,,,,,,,,
153,8.235429999999996e-06,1485330.0,0.11685278873438905,0.03492926061136562,0.0028055215408376477,0.0025813947389256736,1.590552464480813e-05,0.030487481491379777,0.002280945343871023,0.6897358026203293,0.059783861525456984,0.011422350396324324,0.004581209407619883,6.69697685736248e-05,0.05836107180163328,0.0135662690444801,,,,,,,,
154,8.235429999999996e-06,1494975.0,0.1168156116330589,0.03493296399318528,0.00280435103324136,0.0025810600821781523,1.5878696014066707e-05,0.03048084746424753,0.0022802252119963613,0.6864441905152762,0.059325230758882574,0.011298682050942793,0.0045511286258835305,6.640046992111094e-05,0.05836968533397764,0.013502910169286666,,,,,,,,
155,8.235429999999996e-06,1504620.0,0.11678480350870223,0.03492384652190683,0.0028002723899267015,0.00258088608425183,1.587112695680575e-05,0.030475300773928283,0.002279690622375505,0.6887240891529472,0.06114298510191692,0.01138342714354799,0.004682756523289561,6.690891383371659e-05,0.05846218346919526,0.013546813240187989,,,,,,,,
156,8.235429999999996e-06,1514265.0,0.11675992934196305,0.03488427026827516,0.0027968539783126086,0.002577910771522598,1.5841016949874216e-05,0.03046359563578444,0.002279261507273008,0.6950382351917102,0.05920308455816285,0.011474388042407638,0.004550479305999045,6.731640180067067e-05,0.05881693908636702,0.013671276942986052,,,,,,,,
157,8.235429999999996e-06,1523910.0,0.11649890191653543,0.03483118532381513,0.0027907175181537567,0.0025741452939996336,1.581349535056123e-05,0.030457689927993335,0.0022741636879676317,0.695407813908273,0.05964914789732412,0.011230683574125032,0.004589771572719543,6.63570993251274e-05,0.05879820505020099,0.01368354260668296,,,,,,,,
158,8.235429999999996e-06,1533555.0,0.11657937387898079,0.03484610527853274,0.002792853000050414,0.0025746477797331776,1.5830369710498428e-05,0.030460158877564442,0.0022757304175786055,0.6791965840383949,0.06066449109673231,0.011638651340607375,0.004651840979545364,6.80413215012197e-05,0.058665517694562366,0.013351158653955749,,,,,,,,
159,8.235429999999996e-06,1543200.0,0.11657844946879996,0.034840461221429884,0.002791067616843522,0.0025743949331224615,1.58132794865625e-05,0.030440943276620964,0.002275747637039115,0.6924615154491507,0.060892951888882274,0.011370814130557415,0.004671669716630754,6.676761069714926e-05,0.058663446688715905,0.01362181402637187,,,,,,,,
160,8.235429999999996e-06,1552845.0,0.11630716744814576,0.03479904288539798,0.002784885477118734,0.0025716161968873815,1.577865637720415e-05,0.030435431139217956,0.0022704456394205506,0.6841332282910892,0.05948625029364848,0.011158083537624245,0.004568483371008835,6.5634022711521e-05,0.05867122546927199,0.0134595028950693,0.604117391094646,0.05728730869989977,0.010041251689249197,0.004418147441467147,5.536262339116845e-05,0.056500664326064584,0.011881522788107937,
161,8.235429999999996e-06,1562490.0,0.11626566640393213,0.03480516086369878,0.0027842176385596187,0.0025720569884675787,1.577873709154786e-05,0.030425704571699907,0.002269628975307438,0.6902453829317977,0.06007131125436972,0.011339580168454707,0.004605512770013797,6.649796129450904e-05,0.05846236413623331,0.013578116055266865,,,,,,,,
162,8.235429999999996e-06,1572135.0,0.1163142892429683,0.03481214019715647,0.0027842971669560374,0.0025726096461424017,1.578303999558947e-05,0.030427978823518977,0.002270599841520232,0.6894239783658145,0.06123316139086001,0.011288810639340369,0.0046849187816497195,6.628816497897494e-05,0.058578052446103514,0.013562703354529485,,,,,,,,
163,8.235429999999996e-06,1581780.0,0.11625145952111067,0.0347899462242373,0.00278181505990813,0.0025706088479752,1.5755765046124796e-05,0.03042012843062828,0.0022693928892240658,0.6891878819607653,0.061934534286847344,0.011474355945942647,0.004737350331829407,6.714882563710643e-05,0.058486935688466614,0.013554270520296452,,,,,,,,
164,8.235429999999996e-06,1591425.0,0.11613240107878517,0.034779024048807734,0.0027803698538260697,0.002570180688343468,1.576119600653128e-05,0.030407378941032293,0.002267040624499175,0.692322582198927,0.05904940333181967,0.011313880758052775,0.004532090342455615,6.629075569525823e-05,0.058666175057872694,0.013620174028817485,,,,,,,,
165,8.235429999999996e-06,1601070.0,0.1161212895705508,0.03477329864961484,0.002776321261612815,0.0025692333027625552,1.572623719240539e-05,0.030408311679662365,0.0022668993661787715,0.6943890190686881,0.05926385974244349,0.011274887370222702,0.004547302297139004,6.619271071029924e-05,0.05875460698035628,0.013662282633969309,,,,,,,,
166,8.235429999999996e-06,1610715.0,0.11606725620061761,0.03474098125223782,0.0027736430367894106,0.002567218828684508,1.5716251180229302e-05,0.030402867184450573,0.0022658722632765763,0.6862535269677198,0.05971283642740035,0.011425206018345858,0.004586029360475311,6.712438358054838e-05,0.05852510529617853,0.013496566418987476,,,,,,,,
167,5.764800999999997e-06,1620360.0,0.11488445609644402,0.03432063263383304,0.0027281835323224417,0.0025363002165668374,1.5457209726494524e-05,0.030248649705263822,0.0022431254512824393,0.6949622141253362,0.059298764657476036,0.011343224980146779,0.004544706376501619,6.6443557575197e-05,0.058498187020750714,0.013672379782903787,,,,,,,,
168,5.764800999999997e-06,1630005.0,0.11478709046351665,0.034340305434591115,0.0027301079646832364,0.0025377534164335636,1.5463499266917076e-05,0.030245071473425165,0.002241139649976673,0.6966169968314722,0.059642846313771945,0.011409714870510537,0.004573092515854023,6.673576640865153e-05,0.05874990146730754,0.013704145639219234,,,,,,,,
169,5.764800999999997e-06,1639650.0,0.11482758685084314,0.034332279933529185,0.0027296913014977528,0.0025372508848726886,1.5466549267173117e-05,0.030239276502491825,0.0022419579109869076,0.694198576293123,0.05995702017862368,0.011372248464596644,0.00459867824084439,6.690670785786e-05,0.05850454981126629,0.013656526556570528,,,,,,,,
170,5.764800999999997e-06,1649295.0,0.11483227107394965,0.03430841909235588,0.0027245143033928164,0.002535481419050388,1.5429695037961572e-05,0.030241130585574438,0.00224215513541115,0.6847635605047849,0.059774751728783306,0.011301531254090379,0.004579344088401058,6.622321973954806e-05,0.05858428012201548,0.013469240585013888,0.6022412541699003,0.0585980297729806,0.010295523085446593,0.0045291641349565915,5.6715314600016904e-05,0.056415973767928354,0.011838914621689074,
171,5.764800999999997e-06,1658940.0,0.11468183894711238,0.03429483450334834,0.002721652032968905,0.0025345199614671098,1.5418171137790005e-05,0.030229498261640255,0.002239203738282881,0.6947785602090579,0.059126934777381755,0.01126677386321517,0.004533937697577368,6.614160588530233e-05,0.05852360541057964,0.013670235726916858,,,,,,,,
172,5.764800999999997e-06,1668585.0,0.11470752680904864,0.03428004433005331,0.0027214225100030344,0.0025334585886502767,1.5421301538766823e-05,0.030221144603782356,0.0022397220859809185,0.6876068231553369,0.06007199130734788,0.011408424957048902,0.00460365216234178,6.67924250678017e-05,0.05845546331122,0.013523967963965757,,,,,,,,
173,5.764800999999997e-06,1678230.0,0.1146347898353189,0.034277191547758365,0.002718206296693105,0.002533176142380295,1.5398634318369146e-05,0.03022051585340893,0.0022383316707725222,0.683244835574348,0.05911395973715462,0.011347296504664478,0.00453515414947733,6.650156007647935e-05,0.05844250833021656,0.013437950781393673,,,,,,,,
174,5.764800999999997e-06,1687875.0,0.11453927351727605,0.03428170961056267,0.002721301879746989,0.002533510237519502,1.5417541360323138e-05,0.030210112167389846,0.002236359432750582,0.6883330592637793,0.060334715288535144,0.01138347815562355,0.004622042398356996,6.654873164024024e-05,0.05854562695255855,0.013538991622163113,,,,,,,,
175,5.764800999999997e-06,1697520.0,0.11460340041641355,0.0342413972752351,0.002713982353250751,0.002530550408835823,1.5374413978547493e-05,0.03021334693060629,0.002237788361263247,0.695575835486989,0.05929893185256387,0.011344002325381566,0.004549485885163801,6.658985732544886e-05,0.05861996409599153,0.013684636663232146,,,,,,,,
176,5.764800999999997e-06,1707165.0,0.11457831267618201,0.03425153927768533,0.002713643097408992,0.0025313239182594986,1.5377259990157236e-05,0.03020864704616101,0.002237293391575453,0.6874885990267915,0.0614128730606255,0.011457042543505361,0.004702570870351757,6.703840946114634e-05,0.05861083449651501,0.013520631129665723,,,,,,,,
177,5.764800999999997e-06,1716810.0,0.11450354305390523,0.03423639639481036,0.0027127920762755027,0.0025300581876257938,1.5374256816700666e-05,0.03020079271291425,0.002235815019552605,0.6912509754109847,0.05996886480024423,0.01123854202003973,0.004594369198255277,6.589370907167282e-05,0.05859830563148403,0.013600248667818898,,,,,,,,
178,5.764800999999997e-06,1726455.0,0.11438021424949232,0.03423311265802169,0.0027114941694672693,0.002530019079892174,1.5367022308001607e-05,0.030194376197693818,0.002233374401600497,0.6908263866526267,0.05995768988616965,0.011311504698386855,0.0045973089867171555,6.629897019085045e-05,0.05852813812673836,0.013590297639084797,,,,,,,,
179,5.764800999999997e-06,1736100.0,0.1144083093539687,0.034223518358924725,0.0027088387525114987,0.002529492532864482,1.535775568137898e-05,0.030191854680410326,0.0022339894120291448,0.6843253584794422,0.059288766848066735,0.01124710708675623,0.004551066852671591,6.598027473169361e-05,0.058609928212222794,0.01346156502785372,,,,,,,,
180,5.764800999999997e-06,1745745.0,0.11434674069960767,0.034220041403862186,0.002711064076092307,0.0025291185456838565,1.537033467763318e-05,0.03018850260429427,0.0022327135324703255,0.695817507448808,0.059427747907318196,0.01133243338941854,0.0045598168014209135,6.64642912695741e-05,0.058639742786187055,0.013689701481187788,0.6031254250255398,0.05683008750102635,0.009989536218505365,0.004381229335495619,5.4903599629529724e-05,0.05644927846935853,0.011862717776140692,
181,5.764800999999997e-06,1755390.0,0.11430136152084058,0.03422060190048232,0.0027070325179053487,0.0025288274579588137,1.5331500827723165e-05,0.030187561503062062,0.002231886580058712,0.6911511944978751,0.059434437767294734,0.011315339671904115,0.004555705014107696,6.629200903661017e-05,0.05857227775263389,0.01359671709651942,,,,,,,,
182,5.764800999999997e-06,1765035.0,0.1141890414081197,0.03419411654250333,0.0027071637849761625,0.0025270787308315306,1.5338436102642928e-05,0.030181547872704842,0.002229637552462861,0.6966069130297998,0.058724579969424116,0.011284424228533298,0.004508759209271375,6.619968900918903e-05,0.05864757213383365,0.013706449776025333,,,,,,,,
183,4.035360699999998e-06,1774680.0,0.113442889173452,0.0339028443872563,0.002677080722267205,0.0025055449678507242,1.5165546488225737e-05,0.030073387211481614,0.00221531616902369,0.6882466869957632,0.0591113629880927,0.011136711609882794,0.004532022392011413,6.53149849062779e-05,0.05859856223361272,0.013542199507717609,,,,,,,,
184,4.035360699999998e-06,1784325.0,0.1134595116929612,0.03388790948375591,0.0026731728140664654,0.002504837930949798,1.5145669760717344e-05,0.03006944481741446,0.002215726777577891,0.6936088790280202,0.05882087366361429,0.011177817266102818,0.0045109157479068475,6.54742389001216e-05,0.05855637092358038,0.013648621235238346,,,,,,,,
185,4.035360699999998e-06,1793970.0,0.11349072244422324,0.03390823981002684,0.0026732192263200336,0.0025059857803586584,1.5147090806340662e-05,0.030066997124398767,0.0022163500643580616,0.6937167345067279,0.059395778635622634,0.011359263941556539,0.004552804580843872,6.644131986897233e-05,0.058545287910257905,0.013647149411303424,,,,,,,,
186,4.035360699999998e-06,1803615.0,0.11334656379518841,0.03385259140401702,0.0026691931480500703,0.002502007961352924,1.5122539195586795e-05,0.030055922082989243,0.002213547412942779,0.6948399131301148,0.060046255783378924,0.01138375358621615,0.004597628717528039,6.659208183310627e-05,0.058476241248897075,0.013669123190877975,,,,,,,,
187,4.035360699999998e-06,1813260.0,0.11347786620344834,0.033906521104441575,0.002675285630687603,0.002505671066266152,1.515013835077081e-05,0.030060459342625453,0.0022160516114552243,0.6915920014086303,0.059655047478815684,0.0113913675600418,0.004575451596105359,6.67760431909135e-05,0.058483908609848125,0.013604012676971769,,,,,,,,
188,4.035360699999998e-06,1822905.0,0.11318571299550707,0.03385702960231893,0.002669494875523657,0.0025022761242859707,1.5123903684290058e-05,0.03005153989801728,0.0022103243623996655,0.6985455515484136,0.06005025340535922,0.011278056252453652,0.004604835098182469,6.611142361791897e-05,0.05877561831866242,0.013745349905919196,,,,,,,,
189,4.035360699999998e-06,1832550.0,0.11332094083256918,0.033861987515872785,0.0026704180344008376,0.0025027049340024497,1.5133293128545485e-05,0.030049881333516118,0.002213010455963358,0.688464610907365,0.05929072353563462,0.011138641538378066,0.004540851022490745,6.52046923343521e-05,0.058510123958926595,0.013546519387379736,,,,,,,,
190,4.035360699999998e-06,1842195.0,0.11324204781035586,0.03387433556276828,0.0026699720080664464,0.002503273540855626,1.5123893925080816e-05,0.030049523847950923,0.002211441516045786,0.6809246943539977,0.05904382177085463,0.011226946330607739,0.004536584202821085,6.610885153725776e-05,0.05857857494205243,0.013393954960467799,0.6039224823962765,0.05651963820744822,0.01010708258097584,0.0043564060183763674,5.5472187941874594e-05,0.056379620978999234,0.011876307996306014,
191,4.035360699999998e-06,1851840.0,0.11332797226962035,0.03383792425880737,0.002664752386182109,0.0025011677625615364,1.5097697211392672e-05,0.030042572027547607,0.0022132643976687785,0.6888549129307306,0.058875110684609176,0.01134618520045155,0.004517188783702909,6.647393996433388e-05,0.058510539998927004,0.013550174554605582,,,,,,,,
192,4.035360699999998e-06,1861485.0,0.11319878929758861,0.033847414977304105,0.0026638641991299,0.002501286266386599,1.5088963334014356e-05,0.03004086354942467,0.0022106985019691864,0.6951524284839645,0.05956052851320437,0.011287013486977093,0.004567934547919629,6.614404252020983e-05,0.0585964286040719,0.013677308299939748,,,,,,,,
193,4.035360699999998e-06,1871130.0,0.11321839030836305,0.03385812587351321,0.002666826924286973,0.0025022274698514187,1.5104016318751956e-05,0.030040312556265988,0.002211031267681518,0.6934005299871907,0.058946446400315655,0.011336254268979495,0.004525686986085224,6.65470283023797e-05,0.05853871469394621,0.013641285514364224,,,,,,,,
194,4.035360699999998e-06,1880775.0,0.11308370175110316,0.03383823019955452,0.0026639272006665836,0.0025009891969287406,1.5094651275779347e-05,0.030030691374894544,0.0022083954910087195,0.6935065984710597,0.06051940820143773,0.01136347444984586,0.004653157334805247,6.711834684225819e-05,0.05871173293695074,0.013642862480424272,,,,,,,,
195,4.035360699999998e-06,1890420.0,0.11309828342238497,0.03382240468068863,0.0026609055589231372,0.002499869269655543,1.5079112467254374e-05,0.030036332175509876,0.0022087475572692412,0.6971021006700002,0.05974519254668267,0.011250149996491232,0.0045802843971226815,6.593101050406518e-05,0.058601998464551316,0.013717039013470178,,,,,,,,
196,4.035360699999998e-06,1900065.0,0.11305778319106863,0.03381104343720053,0.0026576533362274134,0.002498896800369113,1.505697518873094e-05,0.030029684330523786,0.0022080025970968235,0.6966599810277534,0.058958958669424834,0.0113114949334871,0.004523866100019814,6.619300306627451e-05,0.05852536435836876,0.013706969721885329,,,,,,,,
197,4.035360699999998e-06,1909710.0,0.1130904536538454,0.033845469861943325,0.0026642498194317196,0.002501302566048508,1.5099054207598882e-05,0.03002493039881999,0.002208524076688287,0.6884676867180796,0.05911598787963612,0.011280936265884682,0.004534389840741289,6.602900597804686e-05,0.05848088502659175,0.013543735009043895,,,,,,,,
198,4.035360699999998e-06,1919355.0,0.11303547830213428,0.0337786164633897,0.002655239391615664,0.0024966403073519274,1.504707578022931e-05,0.03002231625694979,0.0022076047782103765,0.6954896079534576,0.05973072723711448,0.011266819124877807,0.004576575619314645,6.586458112102346e-05,0.05855360093029205,0.013684455776571597,,,,,,,,
199,2.8247524899999986e-06,1929000.0,0.1124884752951999,0.03361978165393947,0.0026403885467528665,0.0024847182526276644,1.4957327739970624e-05,0.0299480218657568,0.0021969617349689337,0.6982941368421482,0.05908219957634738,0.011267479783955533,0.004529725899175457,6.591551633372931e-05,0.05856689857996883,0.013740533141163854,,,,,,,,
200,2.8247524899999986e-06,1938645.0,0.11243757808752654,0.03362473868740007,0.002639295533927884,0.0024850657997379792,1.4949176033626996e-05,0.029943212002237516,0.0021959656510719757,0.6991823465840361,0.0599396472848146,0.011334440164893132,0.004592893511077558,6.636424333416893e-05,0.05864001028864657,0.01375695812838286,0.6026581693973004,0.05683084230821406,0.01003510713654156,0.004382707463273629,5.504124489919185e-05,0.05633914052299166,0.011852461245215178,
201,2.8247524899999986e-06,1948290.0,0.11241507312485187,0.0335881174188948,0.0026346912000837198,0.0024826589014316927,1.4935732453750626e-05,0.029943966513454656,0.002195607638495357,0.6973329001042361,0.05906014418009818,0.011282472246818179,0.004528789247400187,6.603934141038999e-05,0.05857798484556217,0.013721008557148359,,,,,,,,
202,2.8247524899999986e-06,1957935.0,0.11242113541982234,0.03358193081857635,0.0026334835885742005,0.0024820921638089395,1.4921327145029198e-05,0.029939750600922767,0.0021957530366249565,0.6943971217153146,0.059674862222376036,0.011434349919663888,0.00457395222861129,6.69125185956096e-05,0.058436623877307095,0.013659255435913014,,,,,,,,
203,2.8247524899999986e-06,1967580.0,0.11231801192458864,0.03358422216331562,0.002633707740793866,0.0024823364780540186,1.4925944951439276e-05,0.029934317692932186,0.002193686083675885,0.696559536407968,0.05897854710531338,0.011184434739682822,0.004522957160366651,6.550106116760446e-05,0.058566294169502806,0.013707502033365699,,,,,,,,
204,2.8247524899999986e-06,1977225.0,0.11236123046655533,0.033595168469020886,0.002636656531198753,0.0024829207164767803,1.4933392305293546e-05,0.029933477457169917,0.002194491478707128,0.6927026537815364,0.06019093460675885,0.011270914132374788,0.004608483397290001,6.597472083883087e-05,0.05865063456323699,0.013628634792983235,,,,,,,,
205,2.8247524899999986e-06,1986870.0,0.11232270142384176,0.033570075875926794,0.0026310564418066352,0.0024812589971349086,1.4907127608543271e-05,0.02993552640342062,0.0021938328996407206,0.6962658819704064,0.05926036808820991,0.011267829466198812,0.004543976018217085,6.595970248976639e-05,0.05853840616799495,0.013699961050084152,,,,,,,,
206,2.8247524899999986e-06,1996515.0,0.11232297415248392,0.03358751611659147,0.0026346509680187135,0.002482278511394698,1.4926812155303955e-05,0.029928754937528747,0.0021937664636892873,0.6918967275457918,0.05942707604070039,0.011265673934148724,0.004552338389971976,6.577558888310225e-05,0.05855873310673545,0.01361262107223286,,,,,,,,
207,2.8247524899999986e-06,2006160.0,0.11228787032965343,0.03357043058693339,0.002630416434129506,0.0024811067278103023,1.489904528526043e-05,0.029929619820214512,0.00219314907791049,0.6954836437546552,0.05927706540110267,0.011265871467308765,0.00454614691561277,6.602566269914822e-05,0.05857861979706451,0.013684355445746931,,,,,,,,
208,2.8247524899999986e-06,2015805.0,0.11223924099441973,0.03356051019977472,0.0026302247744862325,0.002480468260454738,1.490091477992926e-05,0.02992309496304323,0.002192180324398677,0.6957826419561602,0.05859008323255075,0.011247773281197266,0.00449538524854446,6.592927099784421e-05,0.05853767609302889,0.013690697373499257,,,,,,,,
209,2.8247524899999986e-06,2025450.0,0.11230345588776909,0.033546431096026084,0.002627144541020767,0.0024794423986438953,1.4886759190867603e-05,0.02992375193647401,0.00219352622693496,0.694076869393457,0.0590233999612099,0.011439265344597643,0.004527260474997455,6.701476078818452e-05,0.058484251848420835,0.013652752080977187,,,,,,,,
210,2.8247524899999986e-06,2035095.0,0.11228026296254086,0.033557692607950586,0.0026314568527785213,0.0024802168500976216,1.4911035997600127e-05,0.029918354212342783,0.002192976122195238,0.6911866128614685,0.05895307379577863,0.011332097898670377,0.004527674935028892,6.650521844002062e-05,0.058541364370711446,0.01359709029925596,0.6054379828030856,0.055957573668417714,0.009997108683188977,0.004309767754094071,5.4782848386756414e-05,0.056400021873527474,0.01190881748239793,
211,2.8247524899999986e-06,2044740.0,0.11218039123512298,0.03353901583997281,0.0026277432205794424,0.0024790316440021273,1.4888915702959426e-05,0.029920592029855784,0.002191052960290876,0.695880040237461,0.06029246114619109,0.011323277326324314,0.0046155070954253235,6.61613758946718e-05,0.05862278943964579,0.013691135258222733,,,,,,,,
212,2.8247524899999986e-06,2054385.0,0.11221162523770828,0.03354425037209677,0.0026274462260191607,0.0024792848842247364,1.4885325689429416e-05,0.029916071595051583,0.002191683580233791,0.6952284770108936,0.05892788920672193,0.011376730967255621,0.004517276967006524,6.657092098283342e-05,0.05854973691135743,0.013677034920872761,,,,,,,,
213,2.8247524899999986e-06,2064030.0,0.11219905516212378,0.033550595099250534,0.002628892697371894,0.0024795145255564256,1.4890550800002869e-05,0.029912830235733132,0.0021914032492950544,0.6924397138558782,0.058959459675280414,0.011240498776251547,0.004519769101872441,6.566766038387922e-05,0.05857048472635558,0.013623984301592534,,,,,,,,
214,2.8247524899999986e-06,2073675.0,0.11211488289335805,0.03354139270406557,0.002627641469298028,0.002478993242008166,1.4887040861231607e-05,0.02991184583554333,0.0021897448284812025,0.6882544727087386,0.0590766232338936,0.0112446314413887,0.004531551257869353,6.586052291412733e-05,0.05854214692523062,0.013540196825346998,,,,,,,,
215,1.977326742999999e-06,2083320.0,0.1117682143292713,0.03340824113016697,0.0026128982635269995,0.002469259582029377,1.480057244058051e-05,0.029857605421852576,0.0021831063213148837,0.6877201441694252,0.05891351081630183,0.01129789199970498,0.004517948405404661,6.613169498211478e-05,0.05850849500096204,0.013528445043394404,,,,,,,,
216,1.977326742999999e-06,2092965.0,0.11167736106470488,0.03339219572659575,0.0026101687421245415,0.0024680258644289538,1.4781880620781989e-05,0.029858713594276227,0.0021813438464516046,0.6974402532810509,0.05907337589379531,0.011230970752572504,0.004523129005807267,6.560805120657849e-05,0.0586550610402766,0.013724185650569565,,,,,,,,
217,1.977326742999999e-06,2102610.0,0.111717830810777,0.03337738458326426,0.002611992184885862,0.0024670448661773758,1.4798043748224395e-05,0.02985613775430465,0.0021821167725178114,0.6908626162462771,0.059137764831869756,0.011280370381968257,0.004534075634368298,6.595279743590674e-05,0.05852003352001854,0.013591644917286178,,,,,,,,
218,1.977326742999999e-06,2112255.0,0.11168520653467268,0.033395072547837766,0.002611109097052103,0.002468091459150332,1.4789837822234245e-05,0.029852537692141277,0.0021814819487524168,0.6916039650881008,0.05908021774548707,0.011246597734631693,0.004530550833546875,6.58419604656582e-05,0.058512910375772276,0.013607147347069384,,,,,,,,
219,1.977326742999999e-06,2121900.0,0.11166745568823287,0.03337027845926622,0.0026078279095613183,0.0024665321174473106,1.477537676220957e-05,0.029849773881158448,0.002181192555573434,0.6951624848282423,0.058752096312537104,0.011245364019620091,0.004504286221341363,6.573592266671328e-05,0.05860906448667327,0.013678342416172443,,,,,,,,
220,1.977326742999999e-06,2131545.0,0.11169072209325931,0.03336988935038878,0.0026091852113612024,0.002466398333103181,1.4782420556589348e-05,0.029849477535065044,0.002181630737637958,0.6956510657297017,0.05984030620647644,0.0113016947881688,0.004586135476675077,6.618519592312244e-05,0.058515149117159736,0.013686987418830659,0.6039967114978971,0.05747409955815892,0.010100383581536742,0.004438652037793611,5.546949553729681e-05,0.05633950514395628,0.011877926558327206,
221,1.977326742999999e-06,2141190.0,0.11166695013968811,0.03336095631405505,0.002605291549610115,0.0024656973060479203,1.476298794938354e-05,0.029847734355491505,0.002181233171801543,0.6950121658503122,0.060123030760852625,0.011278533224162307,0.004602337765012692,6.589439803497789e-05,0.05856835225634105,0.013674672652522998,,,,,,,,
222,1.977326742999999e-06,2150835.0,0.11165065927446613,0.033370725797064245,0.0026080176150459905,0.0024665650644893618,1.4777698690340223e-05,0.029846475678712847,0.0021808528331883916,0.6927046674587147,0.05935714213283354,0.01121512265489036,0.004549913274353628,6.55930894882166e-05,0.058578789216013484,0.013629790896076488,,,,,,,,
223,1.977326742999999e-06,2160480.0,0.11161373050384514,0.033369560873857534,0.002607467970338225,0.002466507855195922,1.4772416909192955e-05,0.029846056632461423,0.002180125250670134,0.6992439588701678,0.059545207239635044,0.011316918275663595,0.004567112521701984,6.622149868868131e-05,0.05873936726425992,0.013758540811890086,,,,,,,,
224,1.977326742999999e-06,2170125.0,0.11159247392832553,0.0333613564244693,0.002606447380569528,0.002465938290727841,1.4770442550901808e-05,0.02984541414179004,0.0021797205309551184,0.693635137450859,0.05846948008076325,0.011300246433974951,0.004489598235502569,6.617879219938509e-05,0.058516828911043595,0.013646697820337682,,,,,,,,
225,1.977326742999999e-06,2179770.0,0.11161208212246063,0.0333534397340455,0.0026057428874795797,0.002465306296846954,1.4764021269625348e-05,0.029842802894718412,0.0021801267846996305,0.6936546217881725,0.058916533373805216,0.01138097940644205,0.004521130988394566,6.665280033995452e-05,0.05847747496124804,0.013645472847634607,,,,,,,,
226,1.977326742999999e-06,2189415.0,0.11157566377704214,0.03335354086610528,0.0026048908689062264,0.002464985978831438,1.4751637724714448e-05,0.029840267905217755,0.0021794154581627227,0.6955076202443738,0.059526736688255,0.011311278780055355,0.004562879114073894,6.615852598067491e-05,0.05853810731992602,0.013683926829286366,,,,,,,,
227,1.977326742999999e-06,2199060.0,0.11157318443683133,0.03334940765088546,0.002605542679092269,0.0024649670794274887,1.4765535610442791e-05,0.029838354614835975,0.002179352835154788,0.6914719568313679,0.05859874908364528,0.011248783341364494,0.00449533241366123,6.576310583276451e-05,0.0586067502438528,0.013604463469800066,,,,,,,,
228,1.977326742999999e-06,2208705.0,0.11156346228181406,0.03335018491383597,0.0026030922769330923,0.0024648715760477308,1.4745884870371514e-05,0.029837067852038074,0.0021792074000976324,0.6917170956154503,0.05891947671290054,0.011335107027065843,0.004517851973583266,6.629143700883567e-05,0.05850436275153088,0.013607639771767687,,,,,,,,
229,1.977326742999999e-06,2218350.0,0.1115266202771491,0.033362684053128484,0.00260518971251924,0.002466078753865563,1.476632463693843e-05,0.029836806435618562,0.0021784286112925947,0.6953576016122536,0.05870035623840505,0.01124281625730307,0.004501051588712165,6.576261735913527e-05,0.05860282053597945,0.01368229570709901,,,,,,,,
230,1.977326742999999e-06,2227995.0,0.11153115975591865,0.033337999585961176,0.002602821819896966,0.0024641748599746787,1.4747998134339525e-05,0.029833866283790263,0.0021785667587204327,0.6929266332641023,0.05964909578433034,0.011333985510700069,0.004569736030390107,6.625411721839622e-05,0.058537678779038274,0.013631852955068047,0.6047160152590025,0.05748400200752331,0.010191824207002449,0.004434131219817482,5.564339058845815e-05,0.05635047455688241,0.011890483821040002,
231,1.3841287200999992e-06,2237640.0,0.11124548599289828,0.03323751635008066,0.0025926872726257304,0.002456656370928221,1.468873543557041e-05,0.02979628897882572,0.002173055974405457,0.693080422102651,0.05901570692423774,0.01130433332141252,0.004528078695382283,6.621080171602887e-05,0.05852097804320653,0.01363552177562477,,,,,,,,
232,1.3841287200999992e-06,2247285.0,0.11124022156537468,0.03322557795944184,0.0025905563613083326,0.002455694048215194,1.4674004163732002e-05,0.029794428127242634,0.0021729933040813263,0.6968579647038856,0.059597972743499115,0.011271642561968205,0.004565043877783978,6.581601551878865e-05,0.05863862567067257,0.013711726442838352,,,,,,,,
233,1.3841287200999992e-06,2256930.0,0.11122217659449962,0.03322779525619918,0.0025920857791867256,0.0024560323789510835,1.4684983096235573e-05,0.02979237995659595,0.002172601816306244,0.6973241315962102,0.05935039948096529,0.01126453361243871,0.004556140044136918,6.606658931957875e-05,0.058731699728221655,0.013721191959675434,,,,,,,,
234,1.3841287200999992e-06,2266575.0,0.11121552734421648,0.033225639374834276,0.002589895741607737,0.002456088260620431,1.4678076076317108e-05,0.029793263395819232,0.002172512632052184,0.6960812342128576,0.058813814843225384,0.011278264214358014,0.004512070542710251,6.601384200311528e-05,0.05854453068632341,0.013696059399969993,,,,,,,,
235,1.3841287200999992e-06,2276220.0,0.11118109512401847,0.033229992760448114,0.002590922801902346,0.0024560674462508554,1.4676181513374848e-05,0.029791447691842866,0.002171803446442321,0.6960937079916161,0.05948273202805776,0.011307598902572978,0.00455644766032434,6.605832535334666e-05,0.05855807023538902,0.013695722181780862,,,,,,,,
236,1.3841287200999992e-06,2285865.0,0.11118328087796484,0.0332255549652473,0.0025897724894880336,0.002455886797027735,1.4673555422060912e-05,0.029792691089831246,0.0021718701677695532,0.6939070882709302,0.05874506005969197,0.011219493692176915,0.004504673038886733,6.562674709482319e-05,0.0585231511526481,0.013653751891575066,,,,,,,,
237,1.3841287200999992e-06,2295510.0,0.1111871602972258,0.03322272375475033,0.002589085430472475,0.0024556501125630415,1.4669690495129124e-05,0.029787604813700016,0.002171961497335073,0.6957052680527808,0.05957399422798572,0.011283915054698779,0.004565152216929801,6.607638279519932e-05,0.058527958686678594,0.013688427059961641,,,,,,,,
238,1.3841287200999992e-06,2305155.0,0.11114120539726492,0.033231116414163486,0.002590487530295261,0.0024561566061859354,1.4674193664070619e-05,0.029790030147649957,0.0021710143573393957,0.6927267347374613,0.058476807866090705,0.011282288960045845,0.0044848662182607885,6.590998224870042e-05,0.05853163299476751,0.013628888915548306,,,,,,,,
239,1.3841287200999992e-06,2314800.0,0.11115568160310409,0.0332189666311358,0.0025893500883127888,0.002455243742777014,1.4670043396625095e-05,0.029787423190034128,0.00217132663029581,0.6949518824829425,0.05875657359460203,0.011294814789234723,0.004507775238797819,6.613994921027367e-05,0.05853972376073493,0.013673141353874155,,,,,,,,
240,1.3841287200999992e-06,2324445.0,0.11117073368160803,0.033226664983002564,0.0025898961235833306,0.0024560478849360652,1.4671933734120368e-05,0.029784752984881945,0.0021716167511605,0.6950510724072596,0.05893334142133699,0.011237384718433923,0.004517677701788943,6.569910756442546e-05,0.05859424942643142,0.013676273753776513,0.605622870723266,0.056627228928300966,0.01002876330709078,0.0043688869312277345,5.479633927172261e-05,0.05636274688641283,0.011911882148323503,
241,1.3841287200999992e-06,2334090.0,0.1111290837061497,0.03321181106880226,0.0025880646178857497,0.002454889112606642,1.46652392848954e-05,0.029786290976109808,0.002170820381765261,0.6921902634518627,0.058696063780178345,0.011276707531983357,0.004502536635321167,6.597490248258094e-05,0.05854886796294641,0.01361827111839759,,,,,,,,
242,1.3841287200999992e-06,2343735.0,0.11113098374184315,0.03320585912530929,0.0025881291567830854,0.0024541794587251797,1.4661144479489591e-05,0.02978358649267983,0.0021708570917011913,0.694312452436052,0.0589414930839046,0.011343712055621989,0.0045226582928899,6.646111418338074e-05,0.058540582322104386,0.013659374807608598,,,,,,,,
243,1.3841287200999992e-06,2353380.0,0.11111771109115272,0.033226996367918565,0.002588919283120385,0.0024560101432180795,1.4669177350093109e-05,0.02978355665890615,0.0021705758361606443,0.6934514451835384,0.05886444962549849,0.011250140750473498,0.004515351102120804,6.583024982343682e-05,0.05864023391839347,0.013644026088661299,,,,,,,,
244,1.3841287200999992e-06,2363025.0,0.11109127958358453,0.03319811526214499,0.0025861824097129452,0.002453839852692543,1.4652708693267275e-05,0.02978170463839814,0.0021701019434774435,0.6973854519231096,0.05938558268416837,0.011268124289824438,0.004548020122427761,6.572682775644246e-05,0.058579445256651486,0.013722346552665705,,,,,,,,
245,1.3841287200999992e-06,2372670.0,0.11109808038935806,0.03321321622104111,0.0025884359713161977,0.0024548505566467115,1.4663929640755521e-05,0.029780160856218187,0.002170192888360848,0.6951946282449866,0.05854180343993811,0.011249121611423985,0.00448462300598377,6.56284601846053e-05,0.05859836867719216,0.013678910132671251,,,,,,,,
246,1.3841287200999992e-06,2382315.0,0.11109990261794953,0.033207180141988896,0.0025869197476256264,0.002454450538517035,1.465707662282211e-05,0.029778553308233736,0.00217025965740647,0.694733744405448,0.05893720510953682,0.01137367533491548,0.004517340964974426,6.635090004734675e-05,0.05853930593944055,0.013667201381410652,,,,,,,,
247,1e-06,2391960.0,0.11090328554442921,0.033136289954989996,0.0025810459666385397,0.0024492589446213748,1.4624348797218526e-05,0.02975674777516608,0.002166444791555808,0.694022436086302,0.05891493472086532,0.011340941792433399,0.004518095227209915,6.627059317961308e-05,0.05853406125672876,0.013653629885877372,,,,,,,,
248,1e-06,2401605.0,0.11090761746679044,0.03313272106591957,0.0025796391211922887,0.002449080401287426,1.4613975164819317e-05,0.02975465578171339,0.002166559566911965,0.6942696786175557,0.05877521140863118,0.011241227430670287,0.004506545024950344,6.56721300592195e-05,0.05855423203425614,0.013660569023737709,,,,,,,,
249,1e-06,2411250.0,0.11089201832782501,0.033130130443473016,0.0025795165595078585,0.002448735383116402,1.4611735906847375e-05,0.029752024925462268,0.002166250035366341,0.6943653872129357,0.058449185286063035,0.011273034861899758,0.004485567909112353,6.592400548862187e-05,0.05857669410601694,0.01366184704702072,,,,,,,,
250,1e-06,2420895.0,0.11087752838385147,0.033132452587400434,0.002579067054598261,0.002449091347576855,1.4612100959399308e-05,0.02975145102254878,0.0021659692265850504,0.6940607766066232,0.059056755467223054,0.011282632067526041,0.004525974887928623,6.591950608479392e-05,0.058571725519499795,0.013655562890781948,0.6051404674263805,0.056583291190040116,0.010071149664020413,0.004364956024047683,5.502496380327362e-05,0.05635371924534971,0.0119013863552472,
final,,,0.15058734292263806,0.04319411758614881,0.004317743817350685,0.00318906389871996,2.423923005145386e-05,0.0342762686088418,0.0029253919821057347,0.6470229540406265,0.06448553256505055,0.012144620678225537,0.0049690243751368945,7.296126641538547e-05,0.05900219179081774,0.01269756666724802,0.5915277252915179,0.06311936110239494,0.011322147232660437,0.004901938687812571,6.556367870397438e-05,0.05707855190505098,0.01160411156117715,
